{"cameraMode":{"drawMode":0,"name":"Shaded","section":"Shading Mode"},"sceneLighting":false,"audioPlay":false,"sceneViewState":{"showFog":true,"showMaterialUpdate":false,"showSkybox":false,"showFlares":true,"showImageEffects":true,"showParticleSystems":true,"showVisualEffectGraphs":true,"m_FxEnabled":true},"in2DMode":false,"pivot":{"x":-0.9366313815116882,"y":1.7897918224334717,"z":-0.023333251476287843},"rotation":{"x":0.004618717823177576,"y":-0.424661248922348,"z":-0.002168037462979555,"w":-0.9053395390510559},"size":0.42024537920951846,"orthographic":false}